﻿<keywords>
  <keyword>ai_will_do</keyword>
  <keyword>limit</keyword>
  <keyword>available</keyword>
  <keyword>completion_reward</keyword>
  <keyword>bypass</keyword>
  <keyword>complete_tooltip</keyword>
  <keyword>hidden_effect</keyword>
  <keyword>puppet</keyword>
  <keyword>create_wargoal</keyword>
  <keyword>add_claim_by</keyword>
  <keyword>remove_claim_by</keyword>
  <keyword>add_core_of</keyword>
  <keyword>remove_core_of</keyword>
  <keyword>army_experience</keyword>
  <keyword>navy_experience</keyword>
  <keyword>air_experience</keyword>
  <keyword>add_ace</keyword>
  <keyword>save_event_target_as</keyword>
  <keyword>save_global_event_target_as</keyword>
  <keyword>clear_global_event_target</keyword>
  <keyword>clear_global_event_targets</keyword>
  <keyword>break</keyword>
  <keyword>unlock_national_focus</keyword>
  <keyword>complete_national_focus</keyword>
  <keyword>add_tech_bonus</keyword>
  <keyword>set_demilitarized_zone</keyword>
  <keyword>add_research_slot</keyword>
  <keyword>set_research_slots</keyword>
  <keyword>set_border_war</keyword>
  <keyword>set_equipment_fraction</keyword>
  <keyword>diplomatic_relation</keyword>
  <keyword>add_threat</keyword>
  <keyword>add_named_threat</keyword>
  <keyword>set_rule</keyword>
  <keyword>sound_effect</keyword>
  <keyword>add_resource</keyword>
  <keyword>create_import</keyword>
  <keyword>load_oob</keyword>
  <keyword>white_peace</keyword>
  <keyword>set_major</keyword>
  <keyword>goto_province</keyword>
  <keyword>goto_state</keyword>
  <keyword>set_party_name</keyword>
  <keyword>add_to_war</keyword>
</keywords>